Fecha,Tweet
2024-03-10,#Querétaro: Reportan un fuerte incendio en un patio de resguardo de transporte público en la colonia Satélite.
2024-03-10,#Querétaro »
2024-03-10,Subscribe to Premium+ to go ad-free in For You.
2024-03-10,"La policía de #EzequielMontes fue captada en evidente abuso de autoridad. 
Reflejo del #panismo rancio que mal gobierna el estado de #Querétaro.
Una falta administrativa se convierte en pretexto para golpear a menores de edad.
¡Urge un cambio! ¡Urge que se vayan! 
¿
@LupitaPerMon_
…"
2024-03-10,"Quedó grabado en video  otro intento de asalto  a operador de tractocamión  sobre la carretera federal 57 México - #Querétaro, desde la caseta de Tepotzotlán, el operador pudo grabar el vehículo  y al sujeto que le disparó e intentó detener sobre la autopista."
2024-03-10,"#México ¡Sin acarreados! Así estuvo el evento de 
@XochitlGalvez
 en #Querétaro #MexicoSinMiedo"
2024-03-10,"#Querétaro está con Claudia!!!
Me dió mucha emoción y gusto el ver que en San Juan del Río se fortalece Morena, mucha gente ya a favor del movimiento de transformación y listos para votar por Claudia Sheinbaum 
#ClaudiaPresidenta2024 
Vamos queretanos, hay que limpiar la casa ya!"
2024-03-10,"Seppuku is famous as a form of suicide by which samurai took responsibility and showed their sincerity. However, the reality did not generally match up to the legend, as seppuku changed in character, and became just another method of punishment."
2024-03-10,"Uno de los museos más recientes de nuestro #Querétaro ha recibido grandes obras de artistas de talla mundial. ¡Conócelas! 

Cuéntame, ¿qué obras te han gustado más, de las que este museo ha albergado? "
2024-03-10,"A diferencia de la candidata de la oposición que no tiene propuestas y solo buscan construir cárceles y reprimir… La Dra 
@Claudiashein
 propone crear más escuelas y universidades… ¡Esa es la diferencia!
#TodosConClaudia 
#ClaudiaPresidenta 
#ClaudiaArrasa
#Querétaro "
2024-03-10,"Templo de Santa Rosa de Viterbo en 1912
¡#Querétaro a través del tiempo!
¡Buenas noches!"
2024-03-10,"Denuncia ciudadana: Vándalos arrojan piedras  a los automóviles desde el puente del Pedregal en Bernardo Quintana, poniendo en riesgo a los conductores.  #Querétaro"
2024-03-10,"Lo más curioso de este fenómeno es que hay algunas estelas que duran horas y horas y hay otras que desaparecen inmediatamente detrás del avió.....
#chemtrails 
#mexico
#queretaro"
2024-03-10,"#P5F
#Queretaro
Así luce la obra “Paseo 5 de febrero” hoy 04 de marzo de 2024. ¿Qué te parece?"
2024-03-10,"#ArturoMaximilianoEspurio alias 
@arturomaxgp
 no puede llegar a ser candidato para #Querétaro pues es bien sabido que la verdadera militante es Paloma. "
2024-03-10,"Sinopsis: #Queretaro, se ha convertido en el estado más importante de México. A su alrededor comienza una lucha por el poder que culmina en una paliza interestelar.
El emperador (AMLO) los Harkonnen (morenistas) y los gusanos (chairos) tratan de quedarse con Querétaro sin éxito."
2024-03-10,"Contingente en calle Independencia en la capital de #Querétaro, se manifiesta  durante marcha feminista del 8M "
2024-03-10,"¡Nueva iluminación de la Peña!

#PeñaDeBernal #Bernal #Querétaro"
2024-03-10,"Otra vez!!!

A ver 
@LupitaMurguiaG
 presume el exitoso trabajo de 
@AccionNacional
 en Querétaro 

NOS HAN ESTADO CORTANDO EL AGUA En #Queretaro

Aquí la exitosa gestión y mega obra que lleva más de 6 meses de retraso, tráfico y nefasta calidad y miles de millones gastados"
2024-03-10,San Juan del Río hoy. @PartidoMorenaMx @Claudiashein
2024-03-10,"Unos obstruyendo las rampas de movilidad 
@Chubb_Seguros
 y acá la señorita, adueñándose de la banqueta 

#Querétaro"
2024-03-10,"¡En #Querétaro vamos a ganar y a construir juntos el #MxSinMiedo que tanto queremos!

#XóchitlGálvezPresidenta2024 "
2024-03-10,"En Cadereyta, Querétaro, claro que hay amor por la transformación. No vamos a fallar."
2024-03-10,"Imperdibles de #Querétaro: admirar los hermosos murales del MARUM, en la capital del estado. 

#QroTravel #cultura"
2024-03-10,#8M State trooper reporting for duty #Querétaro
2024-03-10,Atento recordatorio para #Querétaro y sus campañas políticas. Abusados pues.
2024-03-10,"@XochitlGalvez
 en #Queretaro lleno total "
2024-03-10,"El mismo parque, y esa rampa no lleva a ningun lado #queretaro #accesibilidad"
2024-03-10,JAJAJAJAJAJAJA ahora sí usa sombreros y toca a la gente nomms si hasta hace tiempo le negó la foto a una señora en la calle en un reparto de apoyos #Queretaro #SanJuanDelRio #PedroEscobedo #Tequisquiapan #Amealco #Qro #EleccionesQueretaro
2024-03-10,"OTROOOO INTENTO DE ASALTO A TRANSPORTISTAS EN LA #MÉXICO-#QUERÉTARO

Este coche siguió al tráiler desde la caseta de #Tepotzotlan, pero fue en #Coyotepec #Edomex donde le dispararon e intentaron robarle la carga, a plena luz del día."
2024-03-10,"En #Querétaro puro ciudadano Xingón 

¡Vamos a ganar!

#XóchitlGálvezPresidenta2024"
2024-03-10,"La próxima Presidenta de México en mi #Queretaro lindo!

“Que México se parezca más a estados como #Queretaro y no a los estados tomados por Morena y en Narco”.
#XochitlGalvesPresidenta2024 

Para tener un #MxSinMiedo vamos a enfrentar a las organizaciones crimina...…"
2024-03-10,"Se registra otro intento de asalto armado en la #México-#Querétaro, desde caseta de #Tepotzotlan, hasta #Coyotepec 
EN TODO ESE LARGO TRAYECTO LE DISPARARON AL TRANSPORTISTA A PLENO DÍA, y ninguna patrulla
de #Tepotzotlan, pero fue en #Coyotepec #EdoMex 
@titanes57ofc
 @Kikooman83"
2024-03-10,"¿Serán #Guanajuato, #Chihuahua y #Quéretaro? 

#AMLO adelantó que el lunes dará a conocer gobiernos estatales que están comprando, aparentemente con dinero público, bots para financiar compaña #NarcoPresidenteAMLO. 

Así el adelanto: 

#ConferenciaPresidente #RedAMLO"
2024-03-10,"WOW!en 
#Queretaro "
2024-03-10,"¿Quien llenó hasta al full y quien se quedó sola como bartola?

#XochitlPresidente2024 
#Queretaro 

#NarcoCandidataClaudia12 
#Guadalajara 
@raulflorescoy
 @spikolsmaniac"
2024-03-10,"¡Espectacular la Plaza de Toros Santa María! 
¡Buenas noches #Querétaro! 
IG: saul.hernandezsanchez ¡Síguelo en Instagram!"
2024-03-10,"Esta imagen fue tomada en 2018 e inundó las redes sociales en #Querétaro, es el reflejo exacto de lo que ha sucedido en los últimos años.
Tenemos un gobierno estatal y municipal de ocurrencias, negocios chuecos, autoritario y alejado de la ciudadanía.
Tanto 
@LuisBNava
 y 
@makugo
…"
2024-03-10,"#Seguridad  Otra mega fuga en obra de Paseo 5 de Febrero, ahora a la altura de Av. Tlacote

Será la empresa constructora, que provocó el daño, la que corra con los gastos para la reparación."
2024-03-10,"Circule con precaución, se registra accidente en carriles centrales del Blvd Bernardo Quintana dirección 5 de Febrero a la altura de Plaza del Parque #Querétaro"
2024-03-10,Trae tu nómina y empieza a disfrutar los beneficios de ser cliente Citibanamex ya. Hazlo ahora.
2024-03-10,"#Querétaro | Policías de Apaseo el Alto, Guanajuato y Querétaro, tras una persecución sobre el libramiento norponiente detienen al conductor de una camioneta.

La persecución inició en Obrajuelos y terminó con detonaciones de arma de fuego a la altura del bulevar Peñaflor. "
